tick,day,alive,sick,cumulative_deaths,cumulative_births
1,1.0,100,0,0,0
2,2.0,100,0,0,0
3,3.0,100,0,0,0
4,4.0,100,0,0,0
5,5.0,100,0,0,0
6,6.0,100,0,0,0
7,7.0,100,0,0,0
8,8.0,100,0,0,0
9,9.0,100,0,0,0
10,10.0,100,0,0,0
11,11.0,100,0,0,0
12,12.0,100,0,0,0
13,13.0,100,0,0,0
14,14.0,100,0,0,0
15,15.0,100,0,0,0
16,16.0,100,0,0,0
17,17.0,100,0,0,0
18,18.0,100,0,0,0
19,19.0,100,0,0,0
20,20.0,100,0,0,0
21,21.0,100,0,0,0
22,22.0,100,0,0,0
23,23.0,100,0,0,0
24,24.0,100,0,0,0
25,25.0,100,0,0,0
26,26.0,100,0,0,0
27,27.0,100,0,0,0
28,28.0,100,0,0,0
29,29.0,100,0,0,0
30,30.0,100,0,0,0
31,31.0,100,0,0,0
32,32.0,100,0,0,0
33,33.0,100,0,0,0
34,34.0,100,0,0,0
35,35.0,100,0,0,0
36,36.0,100,0,0,0
37,37.0,100,0,0,0
38,38.0,100,0,0,0
39,39.0,100,0,0,0
40,40.0,100,0,0,0
41,41.0,100,0,0,0
42,42.0,100,0,0,0
43,43.0,100,0,0,0
44,44.0,100,0,0,0
45,45.0,100,0,0,0
46,46.0,100,0,0,0
47,47.0,100,0,0,0
48,48.0,100,0,0,0
49,49.0,100,0,0,0
50,50.0,100,0,0,0
51,51.0,100,0,0,0
52,52.0,100,0,0,0
53,53.0,100,0,0,0
54,54.0,100,0,0,0
55,55.0,100,0,0,0
56,56.0,100,0,0,0
57,57.0,100,0,0,0
58,58.0,100,1,0,0
59,59.0,100,1,0,0
60,60.0,100,1,0,0
61,61.0,100,1,0,0
62,62.0,100,1,0,0
63,63.0,100,1,0,0
64,64.0,100,1,0,0
65,65.0,100,1,0,0
66,66.0,100,1,0,0
67,67.0,100,1,0,0
68,68.0,100,1,0,0
69,69.0,100,1,0,0
70,70.0,100,0,0,0
71,71.0,100,0,0,0
72,72.0,100,0,0,0
73,73.0,100,0,0,0
74,74.0,100,0,0,0
75,75.0,100,0,0,0
76,76.0,100,0,0,0
77,77.0,100,0,0,0
78,78.0,100,0,0,0
79,79.0,100,0,0,0
80,80.0,100,0,0,0
81,81.0,100,0,0,0
82,82.0,100,0,0,0
83,83.0,100,0,0,0
84,84.0,100,0,0,0
85,85.0,100,0,0,0
86,86.0,100,0,0,0
87,87.0,100,0,0,0
88,88.0,100,0,0,0
89,89.0,100,0,0,0
90,90.0,100,0,0,0
91,91.0,100,0,0,0
92,92.0,100,0,0,0
93,93.0,100,0,0,0
94,94.0,100,0,0,0
95,95.0,100,0,0,0
96,96.0,100,0,0,0
97,97.0,100,0,0,0
98,98.0,100,0,0,0
99,99.0,100,0,0,0
100,100.0,100,0,0,0
101,101.0,100,0,0,0
102,102.0,100,0,0,0
103,103.0,100,0,0,0
104,104.0,100,0,0,0
105,105.0,100,0,0,0
106,106.0,100,0,0,0
107,107.0,100,0,0,0
108,108.0,100,0,0,0
109,109.0,100,0,0,0
110,110.0,100,0,0,0
111,111.0,100,0,0,0
112,112.0,100,0,0,0
113,113.0,100,0,0,0
114,114.0,100,0,0,0
115,115.0,100,0,0,0
116,116.0,100,0,0,0
117,117.0,100,0,0,0
118,118.0,100,0,0,0
119,119.0,100,0,0,0
120,120.0,100,0,0,0
121,121.0,100,0,0,0
122,122.0,100,0,0,0
123,123.0,100,0,0,0
124,124.0,100,0,0,0
125,125.0,100,0,0,0
126,126.0,100,0,0,0
127,127.0,100,0,0,0
128,128.0,100,0,0,0
129,129.0,100,0,0,0
130,130.0,100,0,0,0
131,131.0,100,0,0,0
132,132.0,100,0,0,0
133,133.0,100,0,0,0
134,134.0,100,0,0,0
135,135.0,100,0,0,0
136,136.0,100,0,0,0
137,137.0,100,0,0,0
138,138.0,100,0,0,0
139,139.0,100,0,0,0
140,140.0,100,0,0,0
141,141.0,100,0,0,0
142,142.0,100,0,0,0
143,143.0,100,0,0,0
144,144.0,100,0,0,0
145,145.0,100,0,0,0
146,146.0,100,0,0,0
147,147.0,100,0,0,0
148,148.0,100,0,0,0
149,149.0,100,0,0,0
150,150.0,100,0,0,0
151,151.0,100,0,0,0
152,152.0,100,0,0,0
153,153.0,100,0,0,0
154,154.0,100,0,0,0
155,155.0,100,0,0,0
156,156.0,100,0,0,0
157,157.0,100,0,0,0
158,158.0,100,0,0,0
159,159.0,100,1,0,0
160,160.0,100,1,0,0
161,161.0,100,1,0,0
162,162.0,100,2,0,0
163,163.0,100,2,0,0
164,164.0,100,2,0,0
165,165.0,100,2,0,0
166,166.0,100,2,0,0
167,167.0,100,1,0,0
168,168.0,100,3,0,0
169,169.0,100,3,0,0
170,170.0,100,4,0,0
171,171.0,100,5,0,0
172,172.0,100,5,0,0
173,173.0,100,5,0,0
174,174.0,100,7,0,0
175,175.0,100,7,0,0
176,176.0,100,8,0,0
177,177.0,100,8,0,0
178,178.0,100,9,0,0
179,179.0,100,10,0,0
180,180.0,100,10,0,0
181,181.0,100,10,0,0
182,182.0,100,13,0,0
183,183.0,100,13,0,0
184,184.0,100,14,0,0
185,185.0,100,17,0,0
186,186.0,100,17,0,0
187,187.0,100,18,0,0
188,188.0,100,19,0,0
189,189.0,100,19,0,0
190,190.0,100,20,0,0
191,191.0,100,20,0,0
192,192.0,100,20,0,0
193,193.0,100,21,0,0
194,194.0,100,22,0,0
195,195.0,100,23,0,0
196,196.0,100,21,0,0
197,197.0,100,21,0,0
198,198.0,100,20,0,0
199,199.0,100,19,0,0
200,200.0,100,19,0,0
201,201.0,100,19,0,0
202,202.0,100,22,0,0
203,203.0,100,21,0,0
204,204.0,100,20,0,0
205,205.0,100,19,0,0
206,206.0,100,17,0,0
207,207.0,100,14,0,0
208,208.0,100,12,0,0
209,209.0,100,7,0,0
210,210.0,100,5,0,0
211,211.0,100,6,0,0
212,212.0,100,9,0,0
213,213.0,100,7,0,0
214,214.0,100,8,0,0
215,215.0,100,8,0,0
216,216.0,100,7,0,0
217,217.0,100,6,0,0
218,218.0,100,2,0,0
219,219.0,100,2,0,0
220,220.0,100,3,0,0
221,221.0,100,3,0,0
222,222.0,100,2,0,0
223,223.0,100,1,0,0
224,224.0,100,1,0,0
225,225.0,100,1,0,0
226,226.0,100,1,0,0
227,227.0,100,1,0,0
228,228.0,100,1,0,0
229,229.0,100,1,0,0
230,230.0,100,1,0,0
231,231.0,100,1,0,0
232,232.0,100,1,0,0
233,233.0,100,1,0,0
234,234.0,100,3,0,0
235,235.0,100,3,0,0
236,236.0,100,2,0,0
237,237.0,100,2,0,0
238,238.0,100,2,0,0
239,239.0,100,2,0,0
240,240.0,100,2,0,0
241,241.0,100,1,0,0
242,242.0,100,3,0,0
243,243.0,100,6,0,0
244,244.0,100,7,0,0
245,245.0,100,7,0,0
246,246.0,100,7,0,0
247,247.0,100,7,0,0
248,248.0,100,7,0,0
249,249.0,100,8,0,0
250,250.0,100,9,0,0
251,251.0,100,9,0,0
252,252.0,100,11,0,0
253,253.0,100,13,0,0
254,254.0,100,13,0,0
255,255.0,100,16,0,0
256,256.0,100,15,0,0
257,257.0,100,15,0,0
258,258.0,100,14,0,0
259,259.0,100,12,0,0
260,260.0,100,13,0,0
261,261.0,100,14,0,0
262,262.0,100,12,0,0
263,263.0,100,12,0,0
264,264.0,100,10,0,0
265,265.0,100,8,0,0
266,266.0,100,9,0,0
267,267.0,100,8,0,0
268,268.0,100,9,0,0
269,269.0,100,6,0,0
270,270.0,100,6,0,0
271,271.0,100,8,0,0
272,272.0,100,7,0,0
273,273.0,100,10,0,0
274,274.0,100,10,0,0
275,275.0,100,13,0,0
276,276.0,100,14,0,0
277,277.0,100,12,0,0
278,278.0,99,11,1,0
279,279.0,99,13,1,0
280,280.0,99,12,1,0
281,281.0,99,12,1,0
282,282.0,99,14,1,0
283,283.0,99,16,1,0
284,284.0,99,17,1,0
285,285.0,98,17,2,0
286,286.0,98,18,2,0
287,287.0,98,18,2,0
288,288.0,98,18,2,0
289,289.0,98,15,2,0
290,290.0,98,12,2,0
291,291.0,98,12,2,0
292,292.0,98,14,2,0
293,293.0,98,16,2,0
294,294.0,98,18,2,0
295,295.0,98,17,2,0
296,296.0,100,15,2,2
297,297.0,99,16,3,2
298,298.0,99,15,3,2
299,299.0,99,16,3,2
300,300.0,98,14,4,2
301,301.0,98,15,4,2
302,302.0,98,15,4,2
303,303.0,98,12,4,2
304,304.0,98,13,4,2
305,305.0,98,14,4,2
306,306.0,98,14,4,2
307,307.0,98,12,4,2
308,308.0,98,17,4,2
309,309.0,98,16,4,2
310,310.0,98,18,4,2
311,311.0,98,20,4,2
312,312.0,98,19,4,2
313,313.0,98,20,4,2
314,314.0,98,19,4,2
315,315.0,98,21,4,2
316,316.0,98,20,4,2
317,317.0,98,21,4,2
318,318.0,97,21,5,2
319,319.0,97,20,5,2
320,320.0,97,16,5,2
321,321.0,97,15,5,2
322,322.0,97,18,5,2
323,323.0,96,18,6,2
324,324.0,96,21,6,2
325,325.0,96,21,6,2
326,326.0,95,22,7,2
327,327.0,95,21,7,2
328,328.0,95,22,7,2
329,329.0,94,19,8,2
330,330.0,93,23,9,2
331,331.0,92,24,10,2
332,332.0,92,25,10,2
333,333.0,91,26,11,2
334,334.0,91,25,11,2
335,335.0,91,24,11,2
336,336.0,91,21,11,2
337,337.0,89,17,13,2
338,338.0,89,10,13,2
339,339.0,89,15,13,2
340,340.0,90,16,13,3
341,341.0,90,15,13,3
342,342.0,90,18,13,3
343,343.0,90,16,13,3
344,344.0,89,17,14,3
345,345.0,90,18,14,4
346,346.0,90,21,14,4
347,347.0,90,21,14,4
348,348.0,90,20,14,4
349,349.0,90,18,14,4
350,350.0,87,16,17,4
351,351.0,87,16,17,4
352,352.0,87,19,17,4
353,353.0,87,21,17,4
354,354.0,89,24,17,6
355,355.0,89,24,17,6
356,356.0,90,25,17,7
357,357.0,89,20,18,7
358,358.0,89,16,18,7
359,359.0,90,13,18,8
360,360.0,89,12,19,8
361,361.0,89,10,19,8
362,362.0,89,10,21,10
363,363.0,89,13,21,10
364,364.0,89,15,21,10
365,365.0,89,16,21,10
